insert into META_DATABASES (USERNAME, VERSION_NUMBER, TYPE_NAME, CONNECTION_ID, CONNECTION_NAME, CONNECTION_STRING, PASSWORD, DESCRIPTION, DRIVER_NAME, DB_LINK_NAME) values ('SA', '0', 'USER', 1, 'dwhrep', 'jdbc:hsqldb:mem:testdb', '', 'DWH Repository Database', 'org.hsqldb.jdbcDriver', null);

insert into DataInterface (INTERFACENAME, STATUS, INTERFACETYPE, DESCRIPTION, DATAFORMATTYPE, INTERFACEVERSION, LOCKEDBY, LOCKDATE, PRODUCTNUMBER, ENIQ_LEVEL, RSTATE) values ('INTF_DC_E_STN', 1, 'measurement', '', 'mdc', '((101))', null, null, null, '2.0', 'R21B');

insert into InterfaceMeasurement (TAGID, DATAFORMATID, INTERFACENAME, TRANSFORMERID, STATUS, MODIFTIME, DESCRIPTION, TECHPACKVERSION, INTERFACEVERSION) values ('STN', 'DC_E_STN:((6)):DC_E_STN_STN:mdc', 'INTF_DC_E_STN', 'DC_E_STN:((6)):DC_E_STN_STN:mdc', 1, '2011-03-24 22:33:12', 'Default tags for DC_E_STN_STN in DC_E_STN:((6)) with format mdc.', 'N/A', '((101))');

insert into DataFormat (DATAFORMATID, TYPEID, VERSIONID, OBJECTTYPE, FOLDERNAME, DATAFORMATTYPE) values ('DC_E_STN:((6)):DC_E_STN_STN:mdc', 'DC_E_STN:((6)):DC_E_STN_STN', 'DC_E_STN:((6))', 'Measurement', 'DC_E_STN_STN', 'mdc');
insert into DataFormat (DATAFORMATID, TYPEID, VERSIONID, OBJECTTYPE, FOLDERNAME, DATAFORMATTYPE) values ('DIM_E_SGEH:((2)):DIM_E_SGEH_SGSN:ascii', 'DIM_E_SGEH:((2)):DIM_E_SGEH_SGSN', 'DIM_E_SGEH:((2))', 'Reference', 'DIM_E_SGEH_SGSN', 'ascii');

insert into TPActivation (TECHPACK_NAME, STATUS, VERSIONID, TYPE, MODIFIED) values ('DC_E_STN', 'ACTIVE', 'DC_E_STN:((6))', 'PM', 0);
insert into TPACTIVATION (TECHPACK_NAME, STATUS, VERSIONID, TYPE, MODIFIED) values ('DIM_E_SGEH', 'ACTIVE', 'DIM_E_SGEH:((2))', 'ENIQ_EVENT', '0');


insert into DataItem (DATAFORMATID, DATANAME, COLNUMBER, DATAID, PROCESS_INSTRUCTION, DATATYPE, DATASIZE, DATASCALE) values ('DC_E_STN:((6)):DC_E_STN_STN:mdc', 'SN', 2, 'SN', '', 'varchar', 255, 0);
insert into DataItem (DATAFORMATID, DATANAME, COLNUMBER, DATAID, PROCESS_INSTRUCTION, DATATYPE, DATASIZE, DATASCALE) values ('DC_E_STN:((6)):DC_E_STN_STN:mdc', 'MOID', 3, 'MOID', '', 'varchar', 255, 0);
insert into DataItem (DATAFORMATID, DATANAME, COLNUMBER, DATAID, PROCESS_INSTRUCTION, DATATYPE, DATASIZE, DATASCALE) values ('DC_E_STN:((6)):DC_E_STN_STN:mdc', 'OSS_ID', 1, 'OSS_ID', '', 'varchar', 50, 0);
insert into DataItem (DATAFORMATID, DATANAME, COLNUMBER, DATAID, PROCESS_INSTRUCTION, DATATYPE, DATASIZE, DATASCALE) values ('DC_E_STN:((6)):DC_E_STN_STN:mdc', 'INSTANCE_ID', 4, 'MOID.STN', '', 'varchar', 35, 0);
insert into DataItem (DATAFORMATID, DATANAME, COLNUMBER, DATAID, PROCESS_INSTRUCTION, DATATYPE, DATASIZE, DATASCALE) values ('DC_E_STN:((6)):DC_E_STN_STN:mdc', 'NE_NAME', 5, 'NE_Name', '', 'varchar', 35, 0);
insert into DataItem (DATAFORMATID, DATANAME, COLNUMBER, DATAID, PROCESS_INSTRUCTION, DATATYPE, DATASIZE, DATASCALE) values ('DC_E_STN:((6)):DC_E_STN_STN:mdc', 'NE_VERSION', 6, 'NE_Version', '', 'varchar', 35, 0);
insert into DataItem (DATAFORMATID, DATANAME, COLNUMBER, DATAID, PROCESS_INSTRUCTION, DATATYPE, DATASIZE, DATASCALE) values ('DC_E_STN:((6)):DC_E_STN_STN:mdc', 'NE_KEY', 7, 'NEKey', '', 'varchar', 35, 0);
insert into DataItem (DATAFORMATID, DATANAME, COLNUMBER, DATAID, PROCESS_INSTRUCTION, DATATYPE, DATASIZE, DATASCALE) values ('DC_E_STN:((6)):DC_E_STN_STN:mdc', 'BATCH_ID', 17, 'BATCH_ID', '', 'smallint', 0, 0);
insert into DataItem (DATAFORMATID, DATANAME, COLNUMBER, DATAID, PROCESS_INSTRUCTION, DATATYPE, DATASIZE, DATASCALE) values ('DC_E_STN:((6)):DC_E_STN_STN:mdc', 'CPU_Load', 25, 'CPU_Load', 'GAUGE', 'numeric', 24, 4);
insert into DataItem (DATAFORMATID, DATANAME, COLNUMBER, DATAID, PROCESS_INSTRUCTION, DATATYPE, DATASIZE, DATASCALE) values ('DC_E_STN:((6)):DC_E_STN_STN:mdc', 'DATE_ID', 8, 'DATE_ID', '', 'date', 0, 0);
insert into DataItem (DATAFORMATID, DATANAME, COLNUMBER, DATAID, PROCESS_INSTRUCTION, DATATYPE, DATASIZE, DATASCALE) values ('DC_E_STN:((6)):DC_E_STN_STN:mdc', 'DATETIME_ID', 13, 'DATETIME_ID', '', 'datetime', 0, 0);
insert into DataItem (DATAFORMATID, DATANAME, COLNUMBER, DATAID, PROCESS_INSTRUCTION, DATATYPE, DATASIZE, DATASCALE) values ('DC_E_STN:((6)):DC_E_STN_STN:mdc', 'DAY_ID', 11, 'DAY_ID', '', 'tinyint', 0, 0);
insert into DataItem (DATAFORMATID, DATANAME, COLNUMBER, DATAID, PROCESS_INSTRUCTION, DATATYPE, DATASIZE, DATASCALE) values ('DC_E_STN:((6)):DC_E_STN_STN:mdc', 'DC_RELEASE', 20, 'DC_RELEASE', '', 'varchar', 16, 0);
insert into DataItem (DATAFORMATID, DATANAME, COLNUMBER, DATAID, PROCESS_INSTRUCTION, DATATYPE, DATASIZE, DATASCALE) values ('DC_E_STN:((6)):DC_E_STN_STN:mdc', 'DC_SOURCE', 21, 'DC_SOURCE', '', 'varchar', 16, 0);
insert into DataItem (DATAFORMATID, DATANAME, COLNUMBER, DATAID, PROCESS_INSTRUCTION, DATATYPE, DATASIZE, DATASCALE) values ('DC_E_STN:((6)):DC_E_STN_STN:mdc', 'DC_SUSPECTFLAG', 23, 'DC_SUSPECTFLAG', '', 'int', 0, 0);
insert into DataItem (DATAFORMATID, DATANAME, COLNUMBER, DATAID, PROCESS_INSTRUCTION, DATATYPE, DATASIZE, DATASCALE) values ('DC_E_STN:((6)):DC_E_STN_STN:mdc', 'DC_TIMEZONE', 22, 'DC_TIMEZONE', '', 'varchar', 16, 0);
insert into DataItem (DATAFORMATID, DATANAME, COLNUMBER, DATAID, PROCESS_INSTRUCTION, DATATYPE, DATASIZE, DATASCALE) values ('DC_E_STN:((6)):DC_E_STN_STN:mdc', 'failedPMUploads', 26, 'failedPMUploads', 'PEG', 'numeric', 20, 0);
insert into DataItem (DATAFORMATID, DATANAME, COLNUMBER, DATAID, PROCESS_INSTRUCTION, DATATYPE, DATASIZE, DATASCALE) values ('DC_E_STN:((6)):DC_E_STN_STN:mdc', 'HOUR_ID', 12, 'HOUR_ID', '', 'tinyint', 0, 0);
insert into DataItem (DATAFORMATID, DATANAME, COLNUMBER, DATAID, PROCESS_INSTRUCTION, DATATYPE, DATASIZE, DATASCALE) values ('DC_E_STN:((6)):DC_E_STN_STN:mdc', 'MIN_ID', 14, 'MIN_ID', '', 'tinyint', 0, 0);
insert into DataItem (DATAFORMATID, DATANAME, COLNUMBER, DATAID, PROCESS_INSTRUCTION, DATATYPE, DATASIZE, DATASCALE) values ('DC_E_STN:((6)):DC_E_STN_STN:mdc', 'MONTH_ID', 10, 'MONTH_ID', '', 'tinyint', 0, 0);
insert into DataItem (DATAFORMATID, DATANAME, COLNUMBER, DATAID, PROCESS_INSTRUCTION, DATATYPE, DATASIZE, DATASCALE) values ('DC_E_STN:((6)):DC_E_STN_STN:mdc', 'PERIOD_DURATION', 18, 'PERIOD_DURATION', '', 'unsigned int', 0, 0);
insert into DataItem (DATAFORMATID, DATANAME, COLNUMBER, DATAID, PROCESS_INSTRUCTION, DATATYPE, DATASIZE, DATASCALE) values ('DC_E_STN:((6)):DC_E_STN_STN:mdc', 'ROWSTATUS', 19, 'ROWSTATUS', '', 'varchar', 16, 0);
insert into DataItem (DATAFORMATID, DATANAME, COLNUMBER, DATAID, PROCESS_INSTRUCTION, DATATYPE, DATASIZE, DATASCALE) values ('DC_E_STN:((6)):DC_E_STN_STN:mdc', 'SESSION_ID', 16, 'SESSION_ID', '', 'unsigned int', 0, 0);
insert into DataItem (DATAFORMATID, DATANAME, COLNUMBER, DATAID, PROCESS_INSTRUCTION, DATATYPE, DATASIZE, DATASCALE) values ('DC_E_STN:((6)):DC_E_STN_STN:mdc', 'TIMELEVEL', 15, 'TIMELEVEL', '', 'varchar', 10, 0);
insert into DataItem (DATAFORMATID, DATANAME, COLNUMBER, DATAID, PROCESS_INSTRUCTION, DATATYPE, DATASIZE, DATASCALE) values ('DC_E_STN:((6)):DC_E_STN_STN:mdc', 'UTC_DATETIME_ID', 24, 'UTC_DATETIME_ID', '', 'datetime', 0, 0);
insert into DataItem (DATAFORMATID, DATANAME, COLNUMBER, DATAID, PROCESS_INSTRUCTION, DATATYPE, DATASIZE, DATASCALE) values ('DC_E_STN:((6)):DC_E_STN_STN:mdc', 'YEAR_ID', 9, 'YEAR_ID', '', 'smallint', 0, 0);
insert into DataItem (DATAFORMATID, DATANAME, COLNUMBER, DATAID, PROCESS_INSTRUCTION, DATATYPE, DATASIZE, DATASCALE) values ('DIM_E_SGEH:((2)):DIM_E_SGEH_SGSN:ascii', 'CREATED', '110', 'CREATED', '','datetime', '0', '0');
insert into DataItem (DATAFORMATID, DATANAME, COLNUMBER, DATAID, PROCESS_INSTRUCTION, DATATYPE, DATASIZE, DATASCALE) values ('DIM_E_SGEH:((2)):DIM_E_SGEH_SGSN:ascii', 'EVENT_PATH', '104', 'EVENT_PATH', '', 'varchar', '255', '0');
insert into DataItem (DATAFORMATID, DATANAME, COLNUMBER, DATAID, PROCESS_INSTRUCTION, DATATYPE, DATASIZE, DATASCALE) values ('DIM_E_SGEH:((2)):DIM_E_SGEH_SGSN:ascii', 'IP_ADDRESS', '106', 'IP_ADDRESS', '', 'binary', '16', '0');
insert into DataItem (DATAFORMATID, DATANAME, COLNUMBER, DATAID, PROCESS_INSTRUCTION, DATATYPE, DATASIZE, DATASCALE) values ('DIM_E_SGEH:((2)):DIM_E_SGEH_SGSN:ascii', 'MODIFIED', '111', 'MODIFIED', '', 'datetime', '0', '0');
insert into DataItem (DATAFORMATID, DATANAME, COLNUMBER, DATAID, PROCESS_INSTRUCTION, DATATYPE, DATASIZE, DATASCALE) values ('DIM_E_SGEH:((2)):DIM_E_SGEH_SGSN:ascii', 'MODIFIER', '112', 'MODIFIER', '', 'varchar', '32', '0');
insert into DataItem (DATAFORMATID, DATANAME, COLNUMBER, DATAID, PROCESS_INSTRUCTION, DATATYPE, DATASIZE, DATASCALE) values ('DIM_E_SGEH:((2)):DIM_E_SGEH_SGSN:ascii', 'NE_VERSION', '107', 'NE_VERSION', '', 'varchar', '20', '0');
insert into DataItem (DATAFORMATID, DATANAME, COLNUMBER, DATAID, PROCESS_INSTRUCTION, DATATYPE, DATASIZE, DATASCALE) values ('DIM_E_SGEH:((2)):DIM_E_SGEH_SGSN:ascii', 'PASSWORD', '102', 'PASSWORD', '', 'varchar', '255', '0');
insert into DataItem (DATAFORMATID, DATANAME, COLNUMBER, DATAID, PROCESS_INSTRUCTION, DATATYPE, DATASIZE, DATASCALE) values ('DIM_E_SGEH:((2)):DIM_E_SGEH_SGSN:ascii', 'POOLNAME', '105', 'POOLNAME', '', 'varchar', '255', '0');
insert into DataItem (DATAFORMATID, DATANAME, COLNUMBER, DATAID, PROCESS_INSTRUCTION, DATATYPE, DATASIZE, DATASCALE) values ('DIM_E_SGEH:((2)):DIM_E_SGEH_SGSN:ascii', 'SGSN_NAME', '101', 'SGSN_NAME','', 'varchar', '128', '0');
insert into DataItem (DATAFORMATID, DATANAME, COLNUMBER, DATAID, PROCESS_INSTRUCTION, DATATYPE, DATASIZE, DATASCALE) values ('DIM_E_SGEH:((2)):DIM_E_SGEH_SGSN:ascii', 'STATUS', '109', 'STATUS', '', 'varchar', '16', '0');
insert into DataItem (DATAFORMATID, DATANAME, COLNUMBER, DATAID, PROCESS_INSTRUCTION, DATATYPE, DATASIZE, DATASCALE) values ('DIM_E_SGEH:((2)):DIM_E_SGEH_SGSN:ascii', 'USERNAME', '103', 'USERNAME', '', 'varchar', '255', '0');
insert into DataItem (DATAFORMATID, DATANAME, COLNUMBER, DATAID, PROCESS_INSTRUCTION, DATATYPE, DATASIZE, DATASCALE) values ('DIM_E_SGEH:((2)):DIM_E_SGEH_SGSN:ascii', 'VENDOR', '108', 'VENDOR', '', 'varchar', '20', '0');

insert into ReferenceColumn (TYPEID, DATANAME, COLNUMBER, DATATYPE, DATASIZE, DATASCALE, UNIQUEVALUE, NULLABLE, INDEXES, UNIQUEKEY, INCLUDESQL, INCLUDEUPD, COLTYPE, DATAID, BASEDEF) values ('DIM_E_SGEH:((2)):DIM_E_SGEH_SGSN', 'SGSN_NAME', '101', 'varchar', '128', '0', '255', '0', 'HG', '1', '0', '1', 'COLUMN', 'SGSN_NAME', '0');
insert into ReferenceColumn (TYPEID, DATANAME, COLNUMBER, DATATYPE, DATASIZE, DATASCALE, UNIQUEVALUE, NULLABLE, INDEXES, UNIQUEKEY, INCLUDESQL, INCLUDEUPD, COLTYPE, UNIVERSEOBJECT, DATAID, BASEDEF) values ('DIM_E_SGEH:((2)):DIM_E_SGEH_SGSN', 'PASSWORD', '102', 'varchar', '255', '0', '255', '0', '', '0', '0', '1', 'COLUMN', '', 'PASSWORD', '0');
insert into ReferenceColumn (TYPEID, DATANAME, COLNUMBER, DATATYPE, DATASIZE, DATASCALE, UNIQUEVALUE, NULLABLE, INDEXES, UNIQUEKEY, INCLUDESQL, INCLUDEUPD, COLTYPE, DATAID, BASEDEF) values ('DIM_E_SGEH:((2)):DIM_E_SGEH_SGSN', 'USERNAME', '103', 'varchar', '255', '0', '255', '0', '', '0', '0', '1', 'COLUMN', 'USERNAME', '0');
insert into ReferenceColumn (TYPEID, DATANAME, COLNUMBER, DATATYPE, DATASIZE, DATASCALE, UNIQUEVALUE, NULLABLE, INDEXES, UNIQUEKEY, INCLUDESQL, INCLUDEUPD, COLTYPE, DATAID, BASEDEF) values ('DIM_E_SGEH:((2)):DIM_E_SGEH_SGSN', 'EVENT_PATH', '104', 'varchar', '255', '0', '255', '0', '', '0', '0', '1', 'COLUMN', 'EVENT_PATH', '0');
insert into ReferenceColumn (TYPEID, DATANAME, COLNUMBER, DATATYPE, DATASIZE, DATASCALE, UNIQUEVALUE, NULLABLE, INDEXES, UNIQUEKEY, INCLUDESQL, INCLUDEUPD, COLTYPE, DATAID, BASEDEF) values ('DIM_E_SGEH:((2)):DIM_E_SGEH_SGSN', 'POOLNAME', '105', 'varchar', '255', '0', '255', '1', 'HG', '0', '0', '1', 'COLUMN', 'POOLNAME', '0');
insert into ReferenceColumn (TYPEID, DATANAME, COLNUMBER, DATATYPE, DATASIZE, DATASCALE, UNIQUEVALUE, NULLABLE, INDEXES, UNIQUEKEY, INCLUDESQL, INCLUDEUPD, COLTYPE, DATAID, BASEDEF) values ('DIM_E_SGEH:((2)):DIM_E_SGEH_SGSN', 'IP_ADDRESS', '106', 'binary', '16', '0', '255', '0', '', '1', '0', '1', 'COLUMN', 'IP_ADDRESS', '0');
insert into ReferenceColumn (TYPEID, DATANAME, COLNUMBER, DATATYPE, DATASIZE, DATASCALE, UNIQUEVALUE, NULLABLE, INDEXES, UNIQUEKEY, INCLUDESQL, INCLUDEUPD, COLTYPE, DATAID, BASEDEF) values ('DIM_E_SGEH:((2)):DIM_E_SGEH_SGSN', 'NE_VERSION', '107', 'varchar', '20', '0', '255', '0', 'LF', '0', '0', '1', 'COLUMN', 'NE_VERSION', '0');
insert into ReferenceColumn (TYPEID, DATANAME, COLNUMBER, DATATYPE, DATASIZE, DATASCALE, UNIQUEVALUE, NULLABLE, INDEXES, UNIQUEKEY, INCLUDESQL, INCLUDEUPD, COLTYPE, BASEDEF) values ('DIM_E_SGEH:((2)):DIM_E_SGEH_SGSN', 'VENDOR', '108', 'varchar', '20', '0', '255', '1', 'HG', '0', '1', '1', 'PUBLICCOL', '1');
insert into ReferenceColumn (TYPEID, DATANAME, COLNUMBER, DATATYPE, DATASIZE, DATASCALE, UNIQUEVALUE, NULLABLE, INDEXES, UNIQUEKEY, INCLUDESQL, INCLUDEUPD, COLTYPE, BASEDEF) values ('DIM_E_SGEH:((2)):DIM_E_SGEH_SGSN', 'STATUS', '109', 'varchar', '16', '0', '255', '1', 'HG', '0', '1', '1', 'PUBLICCOL', '1');
insert into ReferenceColumn (TYPEID, DATANAME, COLNUMBER, DATATYPE, DATASIZE, DATASCALE, UNIQUEVALUE, NULLABLE, INDEXES, UNIQUEKEY, INCLUDESQL, INCLUDEUPD, COLTYPE, BASEDEF) values ('DIM_E_SGEH:((2)):DIM_E_SGEH_SGSN', 'CREATED', '110', 'datetime', '0', '0', '255', '1', 'HG', '0', '1', '0', 'PUBLICCOL', '1');
insert into ReferenceColumn (TYPEID, DATANAME, COLNUMBER, DATATYPE, DATASIZE, DATASCALE, UNIQUEVALUE, NULLABLE, INDEXES, UNIQUEKEY, INCLUDESQL, INCLUDEUPD, COLTYPE, BASEDEF) values ('DIM_E_SGEH:((2)):DIM_E_SGEH_SGSN', 'MODIFIED', '111', 'datetime', '0', '0', '255', '1', 'HG', '0', '1', '1', 'PUBLICCOL', '1');
insert into ReferenceColumn (TYPEID, DATANAME, COLNUMBER, DATATYPE, DATASIZE, DATASCALE, UNIQUEVALUE, NULLABLE, INDEXES, UNIQUEKEY, INCLUDESQL, INCLUDEUPD, COLTYPE, BASEDEF) values ('DIM_E_SGEH:((2)):DIM_E_SGEH_SGSN', 'MODIFIER', '112', 'varchar', '32', '0', '255', '1', 'HG', '0', '1', '1', 'PUBLICCOL', '1');


insert into MeasurementCounter (TYPEID, DATANAME, DESCRIPTION, TIMEAGGREGATION, GROUPAGGREGATION, COUNTAGGREGATION, COLNUMBER, DATATYPE, DATASIZE, DATASCALE, INCLUDESQL, UNIVOBJECT, UNIVCLASS, COUNTERTYPE, COUNTERPROCESS, DATAID, FOLLOWJOHN) values ('DC_E_STN:((6)):DC_E_STN_STN', 'CPU_Load', 'CPU Load of the powerquick in %.', 'AVG', 'SUM', 'GAUGE', 101, 'numeric', 24, 4, 1, 'CPU_Load', null, 'GAUGE', 'GAUGE', 'CPU_Load', null);
insert into MeasurementCounter (TYPEID, DATANAME, DESCRIPTION, TIMEAGGREGATION, GROUPAGGREGATION, COUNTAGGREGATION, COLNUMBER, DATATYPE, DATASIZE, DATASCALE, INCLUDESQL, UNIVOBJECT, UNIVCLASS, COUNTERTYPE, COUNTERPROCESS, DATAID, FOLLOWJOHN) values ('DC_E_STN:((6)):DC_E_STN_STN', 'failedPMUploads', 'Number of failed attempts to upload PM files.', 'SUM', 'SUM', 'PEG', 102, 'numeric', 20, 0, 1, 'failedPMUploads', null, 'PEG', 'PEG', 'failedPMUploads', null);






